Dell_product,Dell_price,Bestbuy_price,Newegg_price
Dell 22 Monitor - SE2222H,119.99,Not sold in this retailer,137.42
Dell 22 Monitor – E2223HN,134.99,169.99,133.32
Dell 24 Monitor – S2421HN,139.99,139.99,Not sold in this retailer
Dell 24 Monitor - SE2422H,139.99,139.99,Not sold in this retailer
Dell 24 Monitor - S2425H,149.99,149.99,Not sold in this retailer
Dell 22 Monitor - E2222H,149.99,119.99,Not sold in this retailer
Dell 22 Monitor - E2222HS,149.99,149.99,169.99
Dell 27 Monitor - SE2722H,159.99,159.99,189.99
Dell 27 Monitor - S2721HN,169.99,199.99,Not sold in this retailer
Dell 24 Monitor - S2425HS,169.99,169.99,Not sold in this retailer
Dell 24 Monitor – E2423H,174.99,116.77,Not sold in this retailer
Dell 24 Monitor - E2424HS,189.99,189.99,178.72
Dell 27 Monitor - S2725H,189.99,189.99,Not sold in this retailer
Dell 27 Monitor – E2723H,199.99,199.99,182.42
Dell 27 Monitor - S2725HS,209.99,209.99,Not sold in this retailer
Dell 22 Monitor - P2225H,214.99,214.99,Not sold in this retailer
Dell 27 Monitor - E2724HS,214.99,Not sold in this retailer,192.82
Dell 22 Monitor - P2222H,214.99,214.99,183.12
Dell 32 Curved FHD Monitor - S3222HN,219.99,219.99,Not sold in this retailer
Dell 24 Monitor - P2425H,249.99,249.99,Not sold in this retailer
Dell 27 Curved Gaming Monitor – S2721HGF,249.99,249.99,Not sold in this retailer
Dell 24 Monitor - P2422H,249.99,219.99,249.99
Dell 24 Video Conferencing Monitor - C2423H,289.99,Not sold in this retailer,294.22
Dell 27 Monitor - S2725DS,299.99,329.99,Not sold in this retailer
Dell 25 Gaming Monitor - G2524H ,299.99,Not sold in this retailer,Not sold in this retailer
Dell 27 Monitor - P2725H,309.99,309.99,311.22
Dell 27 4K UHD Monitor - S2721QS,349.99,599.0,560.28
Dell 27 Gaming Monitor - G2724D,349.99,449.99,Not sold in this retailer
Dell 24 USB-C Hub Monitor - P2422HE,349.99,434.99,353.22
Dell 24 USB-C® Hub Monitor - P2425HE,354.99,354.99,Not sold in this retailer
"Dell 14"" Portable Travel Monitor - P1424H",369.99,369.99,353.22
Dell UltraSharp 24 Monitor - U2424H,379.99,379.99,340.12
Dell 27 Curved Gaming Monitor – S2722DGM,379.99,431.5,Not sold in this retailer
Dell 27 USB-C® Hub Monitor - P2725HE,399.99,399.99,411.55
Alienware 27 Gaming Monitor - AW2724HF,399.99,399.99,Not sold in this retailer
Dell 34 Curved Monitor - S3422DW,399.99,Not sold in this retailer,530.99
Dell 32 Curved Gaming Monitor – S3222DGM,399.99,369.99,Not sold in this retailer
Dell 27 USB-C Monitor - S2722DC,399.99,Not sold in this retailer,499.99
Dell 24 Monitor - P2423D,419.99,419.99,408.42
Dell 24 Monitor - P2425,429.99,429.99,Not sold in this retailer
Dell UltraSharp 24 USB-C® Hub Monitor - U2424HE,449.99,449.99,482.99
Dell 27 Monitor - P2723D,469.99,479.97,478.99
Dell 32 Curved 4K UHD Monitor - S3221QS,469.99,499.99,Not sold in this retailer
Dell 27 Inch USB-C Hub Computer Monitor - P2723DE,489.99,Not sold in this retailer,379.99
Dell 24 USB-C® Hub Monitor - P2425E,489.99,489.99,Not sold in this retailer
Dell 24 USB-C Hub Monitor - P2423DE,489.99,Not sold in this retailer,484.32
Dell 34 Curved Gaming Monitor – S3422DWG,499.99,Not sold in this retailer,742.39
Alienware 27 Gaming Monitor - AW2724DM,499.99,499.99,624.99
Alienware 25 Gaming Monitor - AW2523HF,499.99,499.99,624.99
Dell UltraSharp 27 Monitor - U2724D,509.99,450.97,426.12
Dell 27 4K UHD USB-C Monitor - S2722QC,519.99,519.99,Not sold in this retailer
Dell 24 Touch USB-C Hub Monitor - P2424HT,549.99,549.99,553.22
Dell 24 Video Conferencing Monitor - P2424HEB,559.99,584.97,576.55
Dell 32 USB-C Hub Monitor – P3223DE,579.99,579.99,579.99
Dell 34 Curved USB-C Monitor – S3423DWC,579.99,Not sold in this retailer,767.99
Alienware 500Hz Gaming Monitor - AW2524HF,649.99,Not sold in this retailer,Not sold in this retailer
Dell 27 4K USB-C Hub Monitor - P2723QE,649.99,649.99,647.02
Dell 27 Video Conferencing Monitor - P2724DEB,659.99,659.99,653.99
Dell 32 4K USB-C Hub Monitor - P3223QE,699.99,699.99,696.82
Dell UltraSharp 27 Thunderbolt™ Hub Monitor - U2724DE,699.99,699.99,678.92
Alienware 27 Gaming Monitor - AW2723DF,749.99,Not sold in this retailer,Not sold in this retailer
Dell UltraSharp 27 4K USB-C Hub Monitor - U2723QE,779.99,878.02,789.99
Dell 32 4K UHD Gaming Monitor - G3223Q,849.99,Not sold in this retailer,Not sold in this retailer
Alienware 27 360Hz QD-OLED Gaming Monitor - AW2725DF,859.99,899.99,Not sold in this retailer
Dell 34 Curved Monitor - P3424WE,909.99,909.99,921.22
Dell 34 Curved Video Conferencing Monitor - P3424WEB,999.99,999.99,Not sold in this retailer
Alienware 500Hz Gaming Monitor - AW2524H,1029.99,1029.99,Not sold in this retailer
Dell UltraSharp 34 Curved Thunderbolt™  Hub Monitor - U3425WE,1049.99,1049.99,Not sold in this retailer
Dell UltraSharp 32 4K USB-C Hub Monitor - U3223QE,1159.99,1179.0,1136.55
Dell UltraSharp 43 4K USB-C Hub Monitor - U4323QE,1169.99,1169.99,1230.99
Alienware 34 Curved QD-OLED Gaming Monitor - AW3423DWF,1299.99,Not sold in this retailer,Not sold in this retailer
Dell 55 4K Conference Room Monitor - P5524Q,1439.99,Not sold in this retailer,Not sold in this retailer
Dell UltraSharp 32 4K Video Conferencing Monitor - U3223QZ,1464.99,1464.99,1713.99
Alienware 32 4K QD-OLED Gaming Monitor - AW3225QF,1499.99,Not sold in this retailer,Not sold in this retailer
Alienware 34 Curved QD-OLED Gaming Monitor - AW3423DW,1549.99,Not sold in this retailer,Not sold in this retailer
Dell UltraSharp 27 4K PremierColor Monitor: UP2720Q,1649.99,1704.97,1691.55
Dell UltraSharp 38 Curved USB-C Hub Monitor - U3824DW,1659.99,1659.99,Not sold in this retailer
Dell UltraSharp 49 Curved USB-C Hub Monitor - U4924DW,1849.99,1849.99,Not sold in this retailer
Dell UltraSharp 40 Curved WUHD Monitor - U4021QW,2399.99,2485.99,2398.22
Dell UltraSharp 40 Curved Thunderbolt™ Hub Monitor - U4025QW,2629.99,Not sold in this retailer,Not sold in this retailer
Dell UltraSharp 32 6K Monitor - U3224KB,3319.99,3319.99,Not sold in this retailer
Dell 55 4K Interactive Touch Monitor - P5524QT,3719.99,3719.99,Not sold in this retailer
Dell 65 4K Interactive Touch Monitor - P6524QT,4469.99,4949.41,Not sold in this retailer
Dell UltraSharp 32 4K HDR Monitor - UP3221Q,4759.99,Not sold in this retailer,5093.3
Dell 75 4K Interactive Touch Monitor - P7524QT,5319.99,Not sold in this retailer,Not sold in this retailer
Dell 86 4K Interactive Touch Monitor - P8624QT,8499.99,Not sold in this retailer,Not sold in this retailer
