Dell_product,Dell_price,Newegg_price,Deviation,Status
Dell 22 Monitor - P2222H,204.99,183.12,-10.668813112834775,Red
Dell UltraSharp 24 Monitor - U2424H,379.99,340.12,-10.49238137845733,Red
Dell 27 Monitor – E2723H,199.99,182.42,-8.78543927196361,Yellow
Dell 27 Monitor - E2724HS,199.99,192.82,-3.585179258962956,Yellow
Dell UltraSharp 27 Thunderbolt™ Hub Monitor - U2724DE,699.99,678.92,-3.010043000614302,Yellow
Dell 24 Monitor - P2423D,419.99,408.42,-2.7548274958927577,Yellow
Dell 22 Monitor – E2223HN,134.99,133.32,-1.2371286761982487,Yellow
Dell 24 USB-C Hub Monitor - P2423DE,489.99,484.32,-1.1571664727851623,Yellow
Dell 27 Video Conferencing Monitor - P2724DEB,659.99,653.99,-0.909104683404294,Yellow
Dell 24 Monitor - E2424HS,179.99,178.72,-0.705594755264187,Yellow
Dell UltraSharp 40 Curved WUHD Monitor - U4021QW,2399.99,2398.22,-0.07375030729294631,Yellow
Dell 24 Monitor - P2422H,249.99,249.99,0.0,Green
Dell 27 Monitor - P2725H,309.99,311.22,0.39678699312881643,Green
Dell 24 Touch USB-C Hub Monitor - P2424HT,549.99,553.22,0.5872834051528243,Green
Dell 32 USB-C Hub Monitor – P3223DE,579.99,583.99,0.689667063225228,Green
Dell 24 USB-C Hub Monitor - P2422HE,349.99,353.22,0.9228835109574611,Green
Dell 34 Curved Monitor - P3424WE,909.99,921.22,1.2340794953790721,Green
Dell 24 Video Conferencing Monitor - C2423H,289.99,294.22,1.4586709886547875,Green
"Dell 14"" Portable Travel Monitor - P1424H",344.99,353.22,2.385576393518658,Green
Dell UltraSharp 27 4K PremierColor Monitor: UP2720Q,1649.99,1691.55,2.518803144261477,Green
Dell 27 Monitor - P2723D,469.99,481.99,2.553245813740718,Green
Dell 27 USB-C® Hub Monitor - P2725HE,399.99,411.55,2.890072251806296,Green
Dell 24 Video Conferencing Monitor - P2424HEB,559.99,576.55,2.9571956642082795,Green
Dell UltraSharp 32 4K USB-C Hub Monitor - U3223QE,1089.99,1136.55,4.271598822007537,Green
Dell 27 4K USB-C Hub Monitor - P2723QE,609.99,647.02,6.070591321169195,Green
Dell UltraSharp 32 4K HDR Monitor - UP3221Q,4759.99,5093.3,7.002325635137898,Green
Dell UltraSharp 24 USB-C® Hub Monitor - U2424HE,449.99,482.99,7.333496299917776,Green
Dell UltraSharp 27 4K USB-C Hub Monitor - U2723QE,729.99,789.99,8.219290675214728,Green
Dell UltraSharp 43 4K USB-C Hub Monitor - U4323QE,1094.99,1224.99,11.872254541137362,Green
Dell 32 4K USB-C Hub Monitor - P3223QE,619.99,696.82,12.392135357021894,Green
Dell 22 Monitor - E2222HS,149.99,169.99,13.334222281485431,Green
Alienware 27 Gaming Monitor - AW2724DM,499.99,624.99,25.0005000100002,Green
Alienware 27 Gaming Monitor - AW2724DM,499.99,624.99,25.0005000100002,Green
Dell 34 Curved USB-C Monitor – S3423DWC,579.99,767.99,32.41435197158572,Green
Alienware 25 Gaming Monitor - AW2523HF,449.99,624.99,38.88975310562457,Green
Dell 27 USB-C Monitor - S2722DC,349.99,499.99,42.85836738192519,Green
Dell 34 Curved Monitor - S3422DW,349.99,530.99,51.71576330752307,Green
Dell 22 Monitor - SE2222H,89.99,137.42,52.70585620624514,Green
Dell 27 Monitor - SE2722H,119.99,189.99,58.33819484957081,Green
Dell 34 Curved Gaming Monitor – S3422DWG,449.99,742.39,64.97922176048357,Green
Dell 27 4K UHD Monitor - S2721QS,299.99,560.28,86.76622554085135,Green
